tier,in_features,out_features,target_bpw,residual,seed,save_profile,batch,split_dim,upstream_eff_bits_actual,serialized_container_bytes,serialized_tensor_bytes,packed_sign_bytes,dense_vs_mem_max_abs,dense_vs_mem_rel_fro,upstream_unpacker_missing_keys,upstream_unpacker_unexpected_keys,upstream_unpacker_sign_agreement,upstream_unpacker_minus_to_plus,upstream_unpacker_out_max_abs,upstream_unpacker_out_rel_fro,upstream_unpacker_out_bitwise_equal,upstream_unpacker_resident_param_bytes,upstream_unpacker_resident_buffer_bytes,reference_decoder_missing_keys,reference_decoder_unexpected_keys,reference_decoder_sign_agreement,reference_decoder_minus_to_plus,reference_decoder_out_max_abs,reference_decoder_out_rel_fro,reference_decoder_out_bitwise_equal,reference_decoder_resident_param_bytes,reference_decoder_resident_buffer_bytes,h5_applicable,h5_pass,h4_outputs_changed,fwd_in_memory_median_us,fwd_in_memory_p95_us,fwd_loaded_binarized_median_us,fwd_loaded_binarized_p95_us,fwd_dense_matched_median_us,fwd_dense_matched_p95_us,unpack_U_upstream_median_us,unpack_U_upstream_p95_us,unpack_U_reference_median_us,unpack_U_reference_p95_us
UPSTREAM_IMPORT,256,256,1.0,False,0,raw_state_dict_fp32,8,104,0.962890625,13877,10352,7424,7.748603820800781e-07,4.947252136844327e-07,0,0,0.5192119891826923,25601,7.1259307861328125,10.093098640441895,False,215872,16,0,0,1.0,0,0.0,0.0,True,215872,16,True,True,True,68.3745,73.625,18.542,20.791,7.104,7.333,83.042,85.084,52.771,110.333
UPSTREAM_IMPORT,256,256,1.0,False,0,main_py_bf16,8,104,0.962890625,12469,8908,7424,7.748603820800781e-07,4.947252136844327e-07,0,0,0.5192119891826923,25601,7.13686990737915,10.080825805664062,False,214432,12,0,0,1.0,0,0.005014896392822266,0.003488234942778945,False,214432,12,False,,True,66.417,120.917,21.9165,60.292,7.083,7.209,84.583,86.25,49.479,50.375
UPSTREAM_IMPORT,256,256,1.0,False,1,raw_state_dict_fp32,8,104,0.962890625,13877,10352,7424,7.152557373046875e-07,5.172223609406501e-07,0,0,0.5214092548076923,25484,5.572164535522461,8.573336601257324,False,215872,16,0,0,1.0,0,0.0,0.0,True,215872,16,True,True,True,65.8125,67.666,18.625,19.042,7.2705,13.584,82.917,107.917,49.2085,59.5
UPSTREAM_IMPORT,256,256,1.0,False,1,main_py_bf16,8,104,0.962890625,12469,8908,7424,7.152557373046875e-07,5.172223609406501e-07,0,0,0.5214092548076923,25484,5.590185165405273,8.583656311035156,False,214432,12,0,0,1.0,0,0.005389869213104248,0.004148128442466259,False,214432,12,False,,True,67.5835,69.375,21.729,22.25,7.0,7.167,84.563,86.125,59.2085,80.917
UPSTREAM_IMPORT,256,256,1.0,False,2,raw_state_dict_fp32,8,104,0.962890625,13877,10352,7424,1.1324882507324219e-06,5.259664135337516e-07,0,0,0.5182729867788461,25651,8.970218658447266,9.463469505310059,False,215872,16,0,0,1.0,0,0.0,0.0,True,215872,16,True,True,True,66.125,68.625,19.249499999999998,51.834,6.958,7.125,83.875,106.916,50.7705,51.875
UPSTREAM_IMPORT,256,256,1.0,False,2,main_py_bf16,8,104,0.962890625,12469,8908,7424,1.1324882507324219e-06,5.259664135337516e-07,0,0,0.5182729867788461,25651,8.980788230895996,9.461804389953613,False,214432,12,0,0,1.0,0,0.005392789840698242,0.003969088662415743,False,214432,12,False,,True,70.6455,80.208,21.646,21.959,7.1665,7.333,85.8545,133.458,48.479,57.875
UPSTREAM_IMPORT,256,256,1.0,True,0,raw_state_dict_fp32,8,40,0.89453125,16861,11472,6656,8.344650268554688e-07,4.489806144647446e-07,0,0,0.52197265625,19580,6.316249847412109,9.012489318847656,False,168576,16,0,0,1.0,0,0.0,0.0,True,168576,16,True,True,True,85.958,93.917,29.499499999999998,30.125,7.0,7.208,44.5625,49.541,33.208,36.667
UPSTREAM_IMPORT,256,256,1.0,True,0,main_py_bf16,8,40,0.89453125,14557,9100,6656,8.344650268554688e-07,4.489806144647446e-07,0,0,0.52197265625,19580,6.318835258483887,9.011849403381348,False,166208,12,0,0,1.0,0,0.004699081182479858,0.003947681747376919,False,166208,12,False,,True,89.6875,96.041,34.729,36.0,7.0835,7.25,44.812,77.292,29.061999999999998,33.667
UPSTREAM_IMPORT,256,256,1.0,True,1,raw_state_dict_fp32,8,40,0.89453125,16861,11472,6656,6.556510925292969e-07,4.6867319269949803e-07,0,0,0.521826171875,19586,4.916784286499023,7.57914400100708,False,168576,16,0,0,1.0,0,0.0,0.0,True,168576,16,True,True,True,96.6045,197.708,33.396,41.125,7.7085,8.166,56.125,143.042,33.292,112.166
UPSTREAM_IMPORT,256,256,1.0,True,1,main_py_bf16,8,40,0.89453125,14557,9100,6656,6.556510925292969e-07,4.6867319269949803e-07,0,0,0.521826171875,19586,4.9059600830078125,7.57088041305542,False,166208,12,0,0,1.0,0,0.0046577900648117065,0.004156824667006731,False,166208,12,False,,True,97.104,213.0,39.208,55.167,7.375,7.625,48.833,53.583,37.1455,38.708
UPSTREAM_IMPORT,256,256,1.0,True,2,raw_state_dict_fp32,8,40,0.89453125,16861,11472,6656,6.556510925292969e-07,4.633783703411609e-07,0,0,0.5237548828125,19507,8.520650863647461,8.48224925994873,False,168576,16,0,0,1.0,0,0.0,0.0,True,168576,16,True,True,True,85.2295,92.042,33.2295,34.375,7.8755,8.125,50.3545,123.958,39.2295,55.75
UPSTREAM_IMPORT,256,256,1.0,True,2,main_py_bf16,8,40,0.89453125,14557,9100,6656,6.556510925292969e-07,4.633783703411609e-07,0,0,0.5237548828125,19507,8.5319185256958,8.48701286315918,False,166208,12,0,0,1.0,0,0.004485517740249634,0.0039992728270590305,False,166208,12,False,,True,92.3335,198.708,35.333,51.875,7.083,7.166,43.8335,58.167,30.0,30.667
UPSTREAM_IMPORT,256,256,0.1,False,0,raw_state_dict_fp32,8,8,0.189453125,6965,3440,1280,2.2351741790771484e-07,3.51782801999434e-07,0,0,0.552978515625,1831,1.3869917392730713,3.0391509532928467,False,18496,16,0,0,1.0,0,0.0,0.0,True,18496,16,True,True,True,26.625,39.291,11.958,12.292,7.1875,7.375,23.6455,73.208,39.312,109.667
UPSTREAM_IMPORT,256,256,0.1,False,0,main_py_bf16,8,8,0.189453125,5941,2380,1280,2.2351741790771484e-07,3.51782801999434e-07,0,0,0.552978515625,1831,1.3851619958877563,3.0316617488861084,False,17440,12,0,0,1.0,0,0.002959728240966797,0.004759527742862701,False,17440,12,False,,True,27.4375,113.792,15.374500000000001,64.833,7.1665,7.334,26.208,28.459,29.063000000000002,79.542
UPSTREAM_IMPORT,256,256,0.1,False,1,raw_state_dict_fp32,8,8,0.189453125,6965,3440,1280,2.384185791015625e-07,3.7233024841043516e-07,0,0,0.526611328125,1939,0.9145691990852356,2.7784104347229004,False,18496,16,0,0,1.0,0,0.0,0.0,True,18496,16,True,True,True,30.938000000000002,33.083,12.3545,14.916,7.2085,7.334,25.4165,47.333,19.375,22.708
UPSTREAM_IMPORT,256,256,0.1,False,1,main_py_bf16,8,8,0.189453125,5941,2380,1280,2.384185791015625e-07,3.7233024841043516e-07,0,0,0.526611328125,1939,0.9128410816192627,2.77364182472229,False,17440,12,0,0,1.0,0,0.0017124190926551819,0.004535539075732231,False,17440,12,False,,True,26.188000000000002,31.125,14.021,18.625,7.3125,7.625,23.396,27.25,20.124499999999998,45.791
UPSTREAM_IMPORT,256,256,0.1,False,2,raw_state_dict_fp32,8,8,0.189453125,6965,3440,1280,2.682209014892578e-07,4.762758862852934e-07,0,0,0.552490234375,1833,1.221907138824463,2.6627752780914307,False,18496,16,0,0,1.0,0,0.0,0.0,True,18496,16,True,True,True,27.0215,37.167,12.6875,42.417,6.2705,8.333,24.208,25.917,20.8335,24.584
UPSTREAM_IMPORT,256,256,0.1,False,2,main_py_bf16,8,8,0.189453125,5941,2380,1280,2.682209014892578e-07,4.762758862852934e-07,0,0,0.552490234375,1833,1.2204612493515015,2.6621193885803223,False,17440,12,0,0,1.0,0,0.0019273459911346436,0.003819200675934553,False,17440,12,False,,True,26.667,28.167,13.792,14.667,7.042,7.208,23.999499999999998,32.166,19.584,24.25
UPSTREAM_IMPORT,256,256,0.1,True,0,raw_state_dict_fp32,8,8,0.37890625,12253,6864,2560,3.2782554626464844e-07,3.7093494142936834e-07,0,0,0.5428466796875,3745,1.9341251850128174,3.8179259300231934,False,36992,16,0,0,1.0,0,0.0,0.0,True,36992,16,True,True,True,60.146,178.042,22.8545,26.667,7.333,7.542,25.917,31.542,22.8965,26.541
UPSTREAM_IMPORT,256,256,0.1,True,0,main_py_bf16,8,8,0.37890625,10205,4748,2560,3.2782554626464844e-07,3.7093494142936834e-07,0,0,0.5428466796875,3745,1.9257192611694336,3.8093674182891846,False,34880,12,0,0,1.0,0,0.002829045057296753,0.004323028493672609,False,34880,12,False,,True,52.667,54.334,28.1875,28.791,7.604,7.833,25.375,26.667,20.958,21.5
UPSTREAM_IMPORT,256,256,0.1,True,1,raw_state_dict_fp32,8,8,0.37890625,12253,6864,2560,2.980232238769531e-07,3.786715296882903e-07,0,0,0.5362548828125,3799,1.647575855255127,3.154761552810669,False,36992,16,0,0,1.0,0,0.0,0.0,True,36992,16,True,True,True,56.4585,114.459,23.8335,24.459,7.4795,7.709,26.6455,28.167,22.042,26.416
UPSTREAM_IMPORT,256,256,0.1,True,1,main_py_bf16,8,8,0.37890625,10205,4748,2560,2.980232238769531e-07,3.786715296882903e-07,0,0,0.5362548828125,3799,1.644270896911621,3.150393486022949,False,34880,12,0,0,1.0,0,0.002431131899356842,0.004134532064199448,False,34880,12,False,,True,52.7915,53.959,27.9375,28.542,7.5,7.792,25.0835,25.625,20.875,21.292
UPSTREAM_IMPORT,256,256,0.1,True,2,raw_state_dict_fp32,8,8,0.37890625,12253,6864,2560,2.8312206268310547e-07,4.3745401967498765e-07,0,0,0.5433349609375,3741,2.374969959259033,3.94227933883667,False,36992,16,0,0,1.0,0,0.0,0.0,True,36992,16,True,True,True,52.458,53.833,23.311999999999998,23.625,7.5,7.875,26.417,49.334,21.6875,22.375
UPSTREAM_IMPORT,256,256,0.1,True,2,main_py_bf16,8,8,0.37890625,10205,4748,2560,2.8312206268310547e-07,4.3745401967498765e-07,0,0,0.5433349609375,3741,2.3713831901550293,3.9413843154907227,False,34880,12,0,0,1.0,0,0.002367928624153137,0.0036627778317779303,False,34880,12,False,,True,49.8545,61.667,25.896,28.541,7.2915,22.583,22.6875,27.583,19.2085,21.833
UPSTREAM_IMPORT,512,1024,1.0,False,0,raw_state_dict_fp32,8,320,0.994140625,73653,70192,61440,1.5497207641601562e-06,7.847200436117419e-07,0,0,0.51640625,237696,12.901969909667969,14.30555248260498,False,1974784,16,0,0,1.0,0,0.0,0.0,True,1974784,16,True,True,True,375.854,449.417,52.875,54.417,43.3125,212.916,483.91650000000004,588.958,626.625,865.625
UPSTREAM_IMPORT,512,1024,1.0,False,0,main_py_bf16,8,320,0.994140625,69301,65836,61440,1.5497207641601562e-06,7.847200436117419e-07,0,0,0.51640625,237696,12.920119285583496,14.307599067687988,False,1970432,12,0,0,1.0,0,0.004678785800933838,0.0033379062078893185,False,1970432,12,False,,True,439.35400000000004,730.75,54.0625,60.667,42.729,74.041,485.8955,539.958,491.2085,658.583
UPSTREAM_IMPORT,512,1024,1.0,False,1,raw_state_dict_fp32,8,320,0.994140625,73653,70192,61440,1.430511474609375e-06,7.753748150207684e-07,0,0,0.5166402180989583,237581,13.06719970703125,18.533641815185547,False,1974784,16,0,0,1.0,0,0.0,0.0,True,1974784,16,True,True,True,396.146,525.0,50.5835,51.208,41.5,43.375,489.25,551.208,427.5,699.042
UPSTREAM_IMPORT,512,1024,1.0,False,1,main_py_bf16,8,320,0.994140625,69301,65836,61440,1.430511474609375e-06,7.753748150207684e-07,0,0,0.5166402180989583,237581,13.073837280273438,18.5487003326416,False,1970432,12,0,0,1.0,0,0.004189550876617432,0.003111099125817418,False,1970432,12,False,,True,363.33349999999996,468.5,53.625,55.0,43.0005,86.542,487.438,585.416,529.042,813.167
UPSTREAM_IMPORT,512,1024,1.0,False,2,raw_state_dict_fp32,8,320,0.994140625,73653,70192,61440,1.430511474609375e-06,7.681330771447392e-07,0,0,0.5153564453125,238212,18.999853134155273,22.185840606689453,False,1974784,16,0,0,1.0,0,0.0,0.0,True,1974784,16,True,True,True,390.8955,490.5,51.25,66.666,42.25,43.167,493.125,549.416,543.8955,771.958
UPSTREAM_IMPORT,512,1024,1.0,False,2,main_py_bf16,8,320,0.994140625,69301,65836,61440,1.430511474609375e-06,7.681330771447392e-07,0,0,0.5153564453125,238212,18.955936431884766,22.174381256103516,False,1970432,12,0,0,1.0,0,0.004144787788391113,0.0032002127263695,False,1970432,12,False,,True,367.8545,411.625,52.792,56.166,42.5,42.667,490.64599999999996,723.542,448.02049999999997,673.959
UPSTREAM_IMPORT,512,1024,1.0,True,0,raw_state_dict_fp32,8,152,0.99365234375,80605,75216,60416,1.430511474609375e-06,6.66423716211284e-07,0,0,0.5168521278782895,225603,12.711705207824707,14.215986251831055,False,1882496,16,0,0,1.0,0,0.0,0.0,True,1882496,16,True,True,True,381.60400000000004,436.792,62.5415,78.834,41.417,42.708,269.0,346.542,255.6045,318.291
UPSTREAM_IMPORT,512,1024,1.0,True,0,main_py_bf16,8,152,0.99365234375,73181,67852,60416,1.430511474609375e-06,6.66423716211284e-07,0,0,0.5168521278782895,225603,12.70215892791748,14.215901374816895,False,1875136,12,0,0,1.0,0,0.006198227405548096,0.0039752027951180935,False,1875136,12,False,,True,425.812,688.541,67.5625,75.458,42.3955,42.709,263.20849999999996,275.791,220.7295,325.333
UPSTREAM_IMPORT,512,1024,1.0,True,1,raw_state_dict_fp32,8,152,0.99365234375,80605,75216,60416,1.1324882507324219e-06,6.823569265179685e-07,0,0,0.5166636684484649,225691,13.174400329589844,18.250255584716797,False,1882496,16,0,0,1.0,0,0.0,0.0,True,1882496,16,True,True,True,367.687,395.042,61.062,65.833,42.4375,48.625,257.39599999999996,312.833,203.312,356.708
UPSTREAM_IMPORT,512,1024,1.0,True,1,main_py_bf16,8,152,0.99365234375,73181,67852,60416,1.1324882507324219e-06,6.823569265179685e-07,0,0,0.5166636684484649,225691,13.183792114257812,18.247360229492188,False,1875136,12,0,0,1.0,0,0.00519716739654541,0.003997716587036848,False,1875136,12,False,,True,398.95849999999996,426.709,67.2085,72.375,44.7085,89.458,264.354,296.875,229.47899999999998,373.5
UPSTREAM_IMPORT,512,1024,1.0,True,2,raw_state_dict_fp32,8,152,0.99365234375,80605,75216,60416,1.3113021850585938e-06,6.692875444969104e-07,0,0,0.5167514734100878,225650,19.549985885620117,21.743473052978516,False,1882496,16,0,0,1.0,0,0.0,0.0,True,1882496,16,True,True,True,415.39599999999996,487.917,61.229,62.084,42.625,43.708,267.04200000000003,283.833,213.687,288.584
UPSTREAM_IMPORT,512,1024,1.0,True,2,main_py_bf16,8,152,0.99365234375,73181,67852,60416,1.3113021850585938e-06,6.692875444969104e-07,0,0,0.5167514734100878,225650,19.539844512939453,21.735504150390625,False,1875136,12,0,0,1.0,0,0.005813509225845337,0.004070650320500135,False,1875136,12,False,,True,449.0205,938.625,71.125,72.083,43.187,58.625,262.85400000000004,308.084,227.563,255.167
UPSTREAM_IMPORT,512,1024,0.1,False,0,raw_state_dict_fp32,8,16,0.09423828125,14901,11440,5120,3.427267074584961e-07,5.639447522298724e-07,0,0,0.5251871744791666,11669,1.091998815536499,2.9097254276275635,False,104576,16,0,0,1.0,0,0.0,0.0,True,104576,16,True,True,True,46.646,59.333,17.061999999999998,17.5,42.4375,43.416,52.146,53.375,41.9795,46.833
UPSTREAM_IMPORT,512,1024,0.1,False,0,main_py_bf16,8,16,0.09423828125,11829,8300,5120,3.427267074584961e-07,5.639447522298724e-07,0,0,0.5251871744791666,11669,1.0940282344818115,2.911133289337158,False,101440,12,0,0,1.0,0,0.0015983283519744873,0.002878962317481637,False,101440,12,False,,True,49.792,56.416,20.771,21.333,42.6045,43.041,53.021,91.125,43.875,48.75
UPSTREAM_IMPORT,512,1024,0.1,False,1,raw_state_dict_fp32,8,16,0.09423828125,14901,11440,5120,3.5762786865234375e-07,6.732497581651842e-07,0,0,0.5258382161458334,11653,1.2653710842132568,4.28272008895874,False,104576,16,0,0,1.0,0,0.0,0.0,True,104576,16,True,True,True,48.333,56.791,17.458,18.417,42.792,104.5,50.917,53.958,42.6455,44.375
UPSTREAM_IMPORT,512,1024,0.1,False,1,main_py_bf16,8,16,0.09423828125,11829,8300,5120,3.5762786865234375e-07,6.732497581651842e-07,0,0,0.5258382161458334,11653,1.2676249742507935,4.279114246368408,False,101440,12,0,0,1.0,0,0.001732170581817627,0.0033231705892831087,False,101440,12,False,,True,48.3755,57.291,21.0835,25.458,41.458,41.542,51.8955,56.834,41.9785,52.083
UPSTREAM_IMPORT,512,1024,0.1,False,2,raw_state_dict_fp32,8,16,0.09423828125,14901,11440,5120,3.2782554626464844e-07,6.084463848310406e-07,0,0,0.5262451171875,11643,1.842219352722168,5.38388729095459,False,104576,16,0,0,1.0,0,0.0,0.0,True,104576,16,True,True,True,52.3955,54.708,20.3335,20.875,48.291,79.167,50.729,52.667,44.729,46.833
UPSTREAM_IMPORT,512,1024,0.1,False,2,main_py_bf16,8,16,0.09423828125,11829,8300,5120,3.2782554626464844e-07,6.084463848310406e-07,0,0,0.5262451171875,11643,1.836500644683838,5.382216453552246,False,101440,12,0,0,1.0,0,0.0015649795532226562,0.0029382621869444847,False,101440,12,False,,True,49.2295,57.708,20.499499999999998,20.875,42.2915,42.5,55.083,71.458,43.708,48.625
UPSTREAM_IMPORT,512,1024,0.1,True,0,raw_state_dict_fp32,8,8,0.14111328125,27101,21712,9216,4.470348358154297e-07,6.027931931384956e-07,0,0,0.5498453776041666,11063,1.3140922784805298,3.1134843826293945,False,110720,16,0,0,1.0,0,0.0,0.0,True,110720,16,True,True,True,77.1665,124.792,36.5625,38.375,45.2705,59.208,48.0,53.291,39.1045,39.916
UPSTREAM_IMPORT,512,1024,0.1,True,0,main_py_bf16,8,8,0.14111328125,20957,15500,9216,4.470348358154297e-07,6.027931931384956e-07,0,0,0.5498453776041666,11063,1.3156938552856445,3.1130573749542236,False,104512,12,0,0,1.0,0,0.0019245743751525879,0.003912105690687895,False,104512,12,False,,True,80.3125,86.334,44.0205,44.917,43.0625,92.917,44.917,49.833,36.0,36.666
UPSTREAM_IMPORT,512,1024,0.1,True,1,raw_state_dict_fp32,8,8,0.14111328125,27101,21712,9216,3.2782554626464844e-07,6.009381081639731e-07,0,0,0.5500081380208334,11059,1.1198421716690063,3.458470344543457,False,110720,16,0,0,1.0,0,0.0,0.0,True,110720,16,True,True,True,75.1665,79.083,36.521,162.458,43.3335,43.875,46.4165,483.208,36.5,51.083
UPSTREAM_IMPORT,512,1024,0.1,True,1,main_py_bf16,8,8,0.14111328125,20957,15500,9216,3.2782554626464844e-07,6.009381081639731e-07,0,0,0.5500081380208334,11059,1.1220099925994873,3.4620838165283203,False,104512,12,0,0,1.0,0,0.002328217029571533,0.004839260131120682,False,104512,12,False,,True,78.042,152.666,43.396,269.0,45.729,49.625,52.9375,72.084,41.688,49.708
UPSTREAM_IMPORT,512,1024,0.1,True,2,raw_state_dict_fp32,8,8,0.14111328125,27101,21712,9216,3.5762786865234375e-07,6.56780230201548e-07,0,0,0.55029296875,11052,1.811841368675232,5.1641526222229,False,110720,16,0,0,1.0,0,0.0,0.0,True,110720,16,True,True,True,80.8955,149.208,36.1455,36.917,44.125,46.5,48.084,49.334,39.875,47.542
UPSTREAM_IMPORT,512,1024,0.1,True,2,main_py_bf16,8,8,0.14111328125,20957,15500,9216,3.5762786865234375e-07,6.56780230201548e-07,0,0,0.55029296875,11052,1.8126415014266968,5.167067050933838,False,104512,12,0,0,1.0,0,0.001557379961013794,0.002879825886338949,False,104512,12,False,,True,76.771,78.708,42.8535,80.0,44.0625,65.416,47.6255,55.916,40.021,53.541
UPSTREAM_IMPORT,1024,512,1.0,False,0,raw_state_dict_fp32,8,320,0.994140625,73653,70192,61440,1.3113021850585938e-06,9.666263167673605e-07,0,0,0.5143290201822917,238717,8.457898139953613,8.633587837219238,False,1974784,16,0,0,1.0,0,0.0,0.0,True,1974784,16,True,True,True,390.3125,479.584,60.1875,65.458,50.5,52.958,287.58299999999997,317.208,254.459,334.958
UPSTREAM_IMPORT,1024,512,1.0,False,0,main_py_bf16,8,320,0.994140625,69301,65836,61440,1.3113021850585938e-06,9.666263167673605e-07,0,0,0.5143290201822917,238717,8.44062328338623,8.621389389038086,False,1970432,12,0,0,1.0,0,0.004257857799530029,0.003477741964161396,False,1970432,12,False,,True,415.9795,562.375,61.667,62.958,51.6875,55.667,299.91650000000004,347.5,212.08350000000002,332.291
UPSTREAM_IMPORT,1024,512,1.0,False,1,raw_state_dict_fp32,8,320,0.994140625,73653,70192,61440,1.7285346984863281e-06,9.693922038422897e-07,0,0,0.515771484375,238008,13.170354843139648,20.945905685424805,False,1974784,16,0,0,1.0,0,0.0,0.0,True,1974784,16,True,True,True,392.9375,477.334,60.3535,115.875,51.625,54.167,296.14599999999996,337.833,213.0205,359.208
UPSTREAM_IMPORT,1024,512,1.0,False,1,main_py_bf16,8,320,0.994140625,69301,65836,61440,1.7285346984863281e-06,9.693922038422897e-07,0,0,0.515771484375,238008,13.16787338256836,20.944028854370117,False,1970432,12,0,0,1.0,0,0.005399107933044434,0.003538452321663499,False,1970432,12,False,,True,379.47900000000004,465.25,61.729,63.959,50.7505,52.792,291.6875,477.917,230.4795,335.25
UPSTREAM_IMPORT,1024,512,1.0,False,2,raw_state_dict_fp32,8,320,0.994140625,73653,70192,61440,1.9669532775878906e-06,9.742620932229329e-07,0,0,0.5145304361979167,238618,14.70392894744873,18.279531478881836,False,1974784,16,0,0,1.0,0,0.0,0.0,True,1974784,16,True,True,True,432.64549999999997,555.042,60.104,85.333,52.479,53.5,301.41650000000004,336.917,277.0625,342.875
UPSTREAM_IMPORT,1024,512,1.0,False,2,main_py_bf16,8,320,0.994140625,69301,65836,61440,1.9669532775878906e-06,9.742620932229329e-07,0,0,0.5145304361979167,238618,14.71800422668457,18.28217887878418,False,1970432,12,0,0,1.0,0,0.005066871643066406,0.0034702331759035587,False,1970432,12,False,,True,388.2705,428.708,61.687,63.875,51.9795,53.375,290.0,335.917,399.64599999999996,1026.042
UPSTREAM_IMPORT,1024,512,1.0,True,0,raw_state_dict_fp32,8,152,0.99365234375,79581,74192,59392,1.3113021850585938e-06,8.645623665870517e-07,0,0,0.5163017406798246,225860,8.935338020324707,8.659585952758789,False,1882496,16,0,0,1.0,0,0.0,0.0,True,1882496,16,True,True,True,403.47900000000004,459.583,71.667,79.041,51.791,143.875,158.875,175.042,113.271,147.917
UPSTREAM_IMPORT,1024,512,1.0,True,0,main_py_bf16,8,152,0.99365234375,72157,66828,59392,1.3113021850585938e-06,8.645623665870517e-07,0,0,0.5163017406798246,225860,8.935478210449219,8.653627395629883,False,1875136,12,0,0,1.0,0,0.0060884952545166016,0.003873873269185424,False,1875136,12,False,,True,405.5625,468.75,75.917,80.084,51.896,64.667,161.417,196.459,122.4585,144.625
UPSTREAM_IMPORT,1024,512,1.0,True,1,raw_state_dict_fp32,8,152,0.99365234375,79581,74192,59392,1.430511474609375e-06,9.030367777995707e-07,0,0,0.5159141138980263,226041,13.942620277404785,21.18541145324707,False,1882496,16,0,0,1.0,0,0.0,0.0,True,1882496,16,True,True,True,430.77099999999996,607.458,71.0205,73.584,52.521,70.875,184.7295,276.75,127.8545,157.5
UPSTREAM_IMPORT,1024,512,1.0,True,1,main_py_bf16,8,152,0.99365234375,72157,66828,59392,1.430511474609375e-06,9.030367777995707e-07,0,0,0.5159141138980263,226041,13.908310890197754,21.174022674560547,False,1875136,12,0,0,1.0,0,0.005544424057006836,0.0036468261387199163,False,1875136,12,False,,True,388.1875,410.792,74.333,75.291,52.625,62.5,157.167,182.333,108.229,129.334
UPSTREAM_IMPORT,1024,512,1.0,True,2,raw_state_dict_fp32,8,152,0.99365234375,79581,74192,59392,1.4901161193847656e-06,9.073108913071337e-07,0,0,0.5158391584429824,226076,15.260318756103516,19.265539169311523,False,1882496,16,0,0,1.0,0,0.0,0.0,True,1882496,16,True,True,True,411.02099999999996,455.209,70.854,73.791,51.979,53.5,157.14600000000002,163.625,110.7295,134.375
UPSTREAM_IMPORT,1024,512,1.0,True,2,main_py_bf16,8,152,0.99365234375,72157,66828,59392,1.4901161193847656e-06,9.073108913071337e-07,0,0,0.5158391584429824,226076,15.244987487792969,19.247800827026367,False,1875136,12,0,0,1.0,0,0.005364179611206055,0.0037306814920157194,False,1875136,12,False,,True,422.1455,518.084,75.604,76.333,51.7505,52.167,155.042,182.0,111.2495,171.291
UPSTREAM_IMPORT,1024,512,0.1,False,0,raw_state_dict_fp32,8,16,0.09423828125,13877,10416,4096,5.364418029785156e-07,8.698199280843255e-07,0,0,0.5258382161458334,11653,1.092095136642456,2.582158327102661,False,104576,16,0,0,1.0,0,0.0,0.0,True,104576,16,True,True,True,47.791,48.916,18.208,18.75,51.792,52.459,33.0625,36.041,27.9795,30.125
UPSTREAM_IMPORT,1024,512,0.1,False,0,main_py_bf16,8,16,0.09423828125,10805,7276,4096,5.364418029785156e-07,8.698199280843255e-07,0,0,0.5258382161458334,11653,1.093490481376648,2.5848848819732666,False,101440,12,0,0,1.0,0,0.0019037872552871704,0.004426081199198961,False,101440,12,False,,True,47.9585,49.0,21.4165,21.875,52.021,52.459,34.2295,59.083,29.146,34.25
UPSTREAM_IMPORT,1024,512,0.1,False,1,raw_state_dict_fp32,8,16,0.09423828125,13877,10416,4096,5.364418029785156e-07,8.743428452362423e-07,0,0,0.5219319661458334,11749,1.5878883600234985,4.777475833892822,False,104576,16,0,0,1.0,0,0.0,0.0,True,104576,16,True,True,True,53.1255,69.833,18.6045,19.375,50.5,54.792,32.604,35.709,28.167,30.625
UPSTREAM_IMPORT,1024,512,0.1,False,1,main_py_bf16,8,16,0.09423828125,10805,7276,4096,5.364418029785156e-07,8.743428452362423e-07,0,0,0.5219319661458334,11749,1.584898591041565,4.777328014373779,False,101440,12,0,0,1.0,0,0.0013233870267868042,0.00303508248180151,False,101440,12,False,,True,52.3335,53.75,22.0,44.167,51.9795,53.25,33.75,35.458,29.1875,31.959
UPSTREAM_IMPORT,1024,512,0.1,False,2,raw_state_dict_fp32,8,16,0.09423828125,13877,10416,4096,4.470348358154297e-07,9.491409400652628e-07,0,0,0.5226643880208334,11731,1.542182445526123,4.193276405334473,False,104576,16,0,0,1.0,0,0.0,0.0,True,104576,16,True,True,True,47.25,48.5,18.166,18.5,51.5835,51.917,33.229,36.0,28.209,28.583
UPSTREAM_IMPORT,1024,512,0.1,False,2,main_py_bf16,8,16,0.09423828125,10805,7276,4096,4.470348358154297e-07,9.491409400652628e-07,0,0,0.5226643880208334,11731,1.5433778762817383,4.192371845245361,False,101440,12,0,0,1.0,0,0.0012923181056976318,0.0033264507073909044,False,101440,12,False,,True,48.396,53.083,21.0,21.75,52.334,62.209,34.5625,41.917,31.6665,38.584
UPSTREAM_IMPORT,1024,512,0.1,True,0,raw_state_dict_fp32,8,8,0.14111328125,24029,18640,6144,4.470348358154297e-07,7.728673949713993e-07,0,0,0.5351155598958334,11425,0.8507410287857056,1.7475309371948242,False,110720,16,0,0,1.0,0,0.0,0.0,True,110720,16,True,True,True,75.771,77.959,33.354,43.584,51.7085,52.625,30.7085,34.292,24.1455,46.209
UPSTREAM_IMPORT,1024,512,0.1,True,0,main_py_bf16,8,8,0.14111328125,17885,12428,6144,4.470348358154297e-07,7.728673949713993e-07,0,0,0.5351155598958334,11425,0.8482269048690796,1.747375726699829,False,104512,12,0,0,1.0,0,0.0019985437393188477,0.004663171712309122,False,104512,12,False,,True,75.542,77.667,40.6245,45.25,51.7705,56.542,30.999499999999998,32.25,23.771,26.792
UPSTREAM_IMPORT,1024,512,0.1,True,1,raw_state_dict_fp32,8,8,0.14111328125,24029,18640,6144,4.470348358154297e-07,7.866684086366149e-07,0,0,0.5294596354166666,11564,1.3234916925430298,4.204391956329346,False,110720,16,0,0,1.0,0,0.0,0.0,True,110720,16,True,True,True,76.9795,98.166,33.667,47.625,52.25,54.875,30.479,33.833,24.521,25.375
UPSTREAM_IMPORT,1024,512,0.1,True,1,main_py_bf16,8,8,0.14111328125,17885,12428,6144,4.470348358154297e-07,7.866684086366149e-07,0,0,0.5294596354166666,11564,1.3211994171142578,4.198429107666016,False,104512,12,0,0,1.0,0,0.0019205957651138306,0.00429642153903842,False,104512,12,False,,True,75.583,77.625,39.375,40.792,52.062,52.334,32.479,94.167,23.7295,26.166
UPSTREAM_IMPORT,1024,512,0.1,True,2,raw_state_dict_fp32,8,8,0.14111328125,24029,18640,6144,4.76837158203125e-07,8.174031336238841e-07,0,0,0.5315348307291666,11513,1.3545149564743042,4.30113410949707,False,110720,16,0,0,1.0,0,0.0,0.0,True,110720,16,True,True,True,76.5835,82.5,33.166,34.834,51.75,52.208,31.4375,34.834,24.1045,26.75
UPSTREAM_IMPORT,1024,512,0.1,True,2,main_py_bf16,8,8,0.14111328125,17885,12428,6144,4.76837158203125e-07,8.174031336238841e-07,0,0,0.5315348307291666,11513,1.3525495529174805,4.295408725738525,False,104512,12,0,0,1.0,0,0.002140641212463379,0.0054851798340678215,False,104512,12,False,,True,77.3125,98.0,39.6875,41.333,51.9375,57.375,31.186999999999998,33.916,24.021,25.042
