tier,layer,target_bpw,split_estimate,upstream_eff_bits_actual,actual_exceeds_target,in_features,out_features,split_dim,residual,paths,rank_cap,split_exceeds_rank_cap,advertised_bits,advertised_bpw,advertised_sign_bits,advertised_scale_bits,packed_sign_bits,row_padding_bits,u_row_padding_bits,v_row_padding_bits,stored_scale_elements,double_middle_scale_extra_elements,shape_tensor_bytes,serialized_bytes_main_py_bf16,serialized_bpw_main_py_bf16,scale_overhead_vs_advertised_bits_main_py_bf16,resident_bytes_int8_factors_main_py_bf16,resident_bpw_int8_factors_main_py_bf16,resident_bytes_fp16_factors_main_py_bf16,resident_bpw_fp16_factors_main_py_bf16,resident_bytes_bf16_factors_main_py_bf16,resident_bpw_bf16_factors_main_py_bf16,resident_bytes_fp32_factors_main_py_bf16,resident_bpw_fp32_factors_main_py_bf16,serialized_bytes_raw_state_dict_fp32,serialized_bpw_raw_state_dict_fp32,scale_overhead_vs_advertised_bits_raw_state_dict_fp32,resident_bytes_int8_factors_raw_state_dict_fp32,resident_bpw_int8_factors_raw_state_dict_fp32,resident_bytes_fp16_factors_raw_state_dict_fp32,resident_bpw_fp16_factors_raw_state_dict_fp32,resident_bytes_bf16_factors_raw_state_dict_fp32,resident_bpw_bf16_factors_raw_state_dict_fp32,resident_bytes_fp32_factors_raw_state_dict_fp32,resident_bpw_fp32_factors_raw_state_dict_fp32,resident_over_packed_sign_ratio_int8,resident_over_packed_sign_ratio_fp16,resident_over_packed_sign_ratio_bf16,resident_over_packed_sign_ratio_fp32
ALGORITHM_AUDIT,tiny_64x64,1.0,14.222222222222221,0.78125,False,64,64,8,False,1,64,False,3200,0.78125,1024,2176,2560,1536,1536,0,144,8,32,652,1.2734375,128,1324,2.5859375,2348,4.5859375,2348,4.5859375,4396,8.5859375,944,1.84375,2432,1616,3.15625,2640,5.15625,2640,5.15625,4688,9.15625,3.2,6.4,6.4,12.8
ALGORITHM_AUDIT,tiny_64x64,1.0,0.0,1.5625,True,64,64,8,True,2,64,False,6400,1.5625,2048,4352,5120,3072,3072,0,288,16,64,1292,2.5234375,256,2636,5.1484375,4684,9.1484375,4684,9.1484375,8780,17.1484375,1872,3.65625,4864,3216,6.28125,5264,10.28125,5264,10.28125,9360,18.28125,3.2,6.4,6.4,12.8
ALGORITHM_AUDIT,tiny_64x64,0.55,1.4222222222222234,0.78125,True,64,64,8,False,1,64,False,3200,0.78125,1024,2176,2560,1536,1536,0,144,8,32,652,1.2734375,128,1324,2.5859375,2348,4.5859375,2348,4.5859375,4396,8.5859375,944,1.84375,2432,1616,3.15625,2640,5.15625,2640,5.15625,4688,9.15625,3.2,6.4,6.4,12.8
ALGORITHM_AUDIT,tiny_64x64,0.55,-6.3999999999999995,1.5625,True,64,64,8,True,2,64,False,6400,1.5625,2048,4352,5120,3072,3072,0,288,16,64,1292,2.5234375,256,2636,5.1484375,4684,9.1484375,4684,9.1484375,8780,17.1484375,1872,3.65625,4864,3216,6.28125,5264,10.28125,5264,10.28125,9360,18.28125,3.2,6.4,6.4,12.8
ALGORITHM_AUDIT,tiny_64x64,0.3,-5.688888888888889,0.78125,True,64,64,8,False,1,64,False,3200,0.78125,1024,2176,2560,1536,1536,0,144,8,32,652,1.2734375,128,1324,2.5859375,2348,4.5859375,2348,4.5859375,4396,8.5859375,944,1.84375,2432,1616,3.15625,2640,5.15625,2640,5.15625,4688,9.15625,3.2,6.4,6.4,12.8
ALGORITHM_AUDIT,tiny_64x64,0.3,-9.955555555555556,1.5625,True,64,64,8,True,2,64,False,6400,1.5625,2048,4352,5120,3072,3072,0,288,16,64,1292,2.5234375,256,2636,5.1484375,4684,9.1484375,4684,9.1484375,8780,17.1484375,1872,3.65625,4864,3216,6.28125,5264,10.28125,5264,10.28125,9360,18.28125,3.2,6.4,6.4,12.8
ALGORITHM_AUDIT,tiny_64x64,0.1,-11.377777777777778,0.78125,True,64,64,8,False,1,64,False,3200,0.78125,1024,2176,2560,1536,1536,0,144,8,32,652,1.2734375,128,1324,2.5859375,2348,4.5859375,2348,4.5859375,4396,8.5859375,944,1.84375,2432,1616,3.15625,2640,5.15625,2640,5.15625,4688,9.15625,3.2,6.4,6.4,12.8
ALGORITHM_AUDIT,tiny_64x64,0.1,-12.8,1.5625,True,64,64,8,True,2,64,False,6400,1.5625,2048,4352,5120,3072,3072,0,288,16,64,1292,2.5234375,256,2636,5.1484375,4684,9.1484375,4684,9.1484375,8780,17.1484375,1872,3.65625,4864,3216,6.28125,5264,10.28125,5264,10.28125,9360,18.28125,3.2,6.4,6.4,12.8
ALGORITHM_AUDIT,tiny_100x36,1.0,9.368421052631579,0.9422222222222222,False,100,36,8,False,1,36,False,3392,0.9422222222222222,1088,2304,2176,1088,864,224,152,8,32,620,1.3777777777777778,128,1404,3.12,2492,5.5377777777777775,2492,5.5377777777777775,4668,10.373333333333333,928,2.062222222222222,2560,1712,3.8044444444444445,2800,6.222222222222222,2800,6.222222222222222,4976,11.057777777777778,4.0,8.0,8.0,16.0
ALGORITHM_AUDIT,tiny_100x36,1.0,-2.473684210526316,1.8844444444444444,True,100,36,8,True,2,36,False,6784,1.8844444444444444,2176,4608,4352,2176,1728,448,304,16,64,1228,2.7288888888888887,256,2796,6.213333333333333,4972,11.04888888888889,4972,11.04888888888889,9324,20.72,1840,4.088888888888889,5120,3408,7.573333333333333,5584,12.408888888888889,5584,12.408888888888889,9936,22.08,4.0,8.0,8.0,16.0
ALGORITHM_AUDIT,tiny_100x36,0.55,-1.2894736842105248,0.9422222222222222,True,100,36,8,False,1,36,False,3392,0.9422222222222222,1088,2304,2176,1088,864,224,152,8,32,620,1.3777777777777778,128,1404,3.12,2492,5.5377777777777775,2492,5.5377777777777775,4668,10.373333333333333,928,2.062222222222222,2560,1712,3.8044444444444445,2800,6.222222222222222,2800,6.222222222222222,4976,11.057777777777778,4.0,8.0,8.0,16.0
ALGORITHM_AUDIT,tiny_100x36,0.55,-7.802631578947368,1.8844444444444444,True,100,36,8,True,2,36,False,6784,1.8844444444444444,2176,4608,4352,2176,1728,448,304,16,64,1228,2.7288888888888887,256,2796,6.213333333333333,4972,11.04888888888889,4972,11.04888888888889,9324,20.72,1840,4.088888888888889,5120,3408,7.573333333333333,5584,12.408888888888889,5584,12.408888888888889,9936,22.08,4.0,8.0,8.0,16.0
ALGORITHM_AUDIT,tiny_100x36,0.3,-7.2105263157894735,0.9422222222222222,True,100,36,8,False,1,36,False,3392,0.9422222222222222,1088,2304,2176,1088,864,224,152,8,32,620,1.3777777777777778,128,1404,3.12,2492,5.5377777777777775,2492,5.5377777777777775,4668,10.373333333333333,928,2.062222222222222,2560,1712,3.8044444444444445,2800,6.222222222222222,2800,6.222222222222222,4976,11.057777777777778,4.0,8.0,8.0,16.0
ALGORITHM_AUDIT,tiny_100x36,0.3,-10.763157894736842,1.8844444444444444,True,100,36,8,True,2,36,False,6784,1.8844444444444444,2176,4608,4352,2176,1728,448,304,16,64,1228,2.7288888888888887,256,2796,6.213333333333333,4972,11.04888888888889,4972,11.04888888888889,9324,20.72,1840,4.088888888888889,5120,3408,7.573333333333333,5584,12.408888888888889,5584,12.408888888888889,9936,22.08,4.0,8.0,8.0,16.0
ALGORITHM_AUDIT,tiny_100x36,0.1,-11.947368421052632,0.9422222222222222,True,100,36,8,False,1,36,False,3392,0.9422222222222222,1088,2304,2176,1088,864,224,152,8,32,620,1.3777777777777778,128,1404,3.12,2492,5.5377777777777775,2492,5.5377777777777775,4668,10.373333333333333,928,2.062222222222222,2560,1712,3.8044444444444445,2800,6.222222222222222,2800,6.222222222222222,4976,11.057777777777778,4.0,8.0,8.0,16.0
ALGORITHM_AUDIT,tiny_100x36,0.1,-13.131578947368421,1.8844444444444444,True,100,36,8,True,2,36,False,6784,1.8844444444444444,2176,4608,4352,2176,1728,448,304,16,64,1228,2.7288888888888887,256,2796,6.213333333333333,4972,11.04888888888889,4972,11.04888888888889,9324,20.72,1840,4.088888888888889,5120,3408,7.573333333333333,5584,12.408888888888889,5584,12.408888888888889,9936,22.08,4.0,8.0,8.0,16.0
ALGORITHM_AUDIT,llama2_7b_attn_4096x4096,1.0,2028.0389863547757,0.9980239868164062,False,4096,4096,2024,False,1,4096,False,16744064,0.9980239868164062,16580608,163456,16678912,98304,98304,0,12240,2024,32,2109388,1.0058345794677734,32384,16605100,7.917928695678711,33185708,15.824178695678711,33185708,15.824178695678711,66346924,31.63667869567871,2133872,1.0175094604492188,228224,16629584,7.929603576660156,33210192,15.835853576660156,33210192,15.835853576660156,66371408,31.648353576660156,7.952848722986247,15.905697445972494,15.905697445972494,31.81139489194499
ALGORITHM_AUDIT,llama2_7b_attn_4096x4096,1.0,1006.0350877192982,0.9940948486328125,False,4096,4096,1000,True,2,4096,False,16678144,0.9940948486328125,16384000,294144,16580608,196608,196608,0,20384,2000,64,2113420,1.0077571868896484,32000,16424780,7.831945419311523,32808780,15.644445419311523,32808780,15.644445419311523,65576780,31.269445419311523,2154192,1.0271987915039062,358144,16465552,7.851387023925781,32849552,15.663887023925781,32849552,15.663887023925781,65617552,31.28888702392578,7.905138339920948,15.810276679841897,15.810276679841897,31.620553359683793
ALGORITHM_AUDIT,llama2_7b_attn_4096x4096,0.55,1108.235477582846,0.5479278564453125,False,4096,4096,1104,False,1,4096,False,9192704,0.5479278564453125,9043968,148736,9109504,65536,65536,0,10400,1104,32,1159532,0.5529079437255859,17664,9064780,4.322423934936523,18108748,8.634923934936523,18108748,8.634923934936523,36196684,17.259923934936523,1180336,0.5628280639648438,184064,9085584,4.332344055175781,18129552,8.644844055175781,18129552,8.644844055175781,36217488,17.26984405517578,7.942446043165468,15.884892086330936,15.884892086330936,31.769784172661872
ALGORITHM_AUDIT,llama2_7b_attn_4096x4096,0.55,546.1333333333333,0.54791259765625,False,4096,4096,544,True,2,4096,False,9192448,0.54791259765625,8912896,279552,8912896,0,0,0,18560,1088,64,1151308,0.5489864349365234,17408,8950028,4.267705917358398,17862924,8.517705917358398,17862924,8.517705917358398,35688716,17.0177059173584,1188432,0.5666885375976562,314368,8987152,4.285408020019531,17900048,8.535408020019531,17900048,8.535408020019531,35725840,17.03540802001953,8.0,16.0,16.0,32.0
ALGORITHM_AUDIT,llama2_7b_attn_4096x4096,0.3,597.2335282651072,0.2974395751953125,False,4096,4096,592,False,1,4096,False,4990208,0.2974395751953125,4849664,140544,4915200,65536,65536,0,9376,592,32,633196,0.30193138122558594,9472,4868428,2.3214473724365234,9718092,4.633947372436523,9718092,4.633947372436523,19417420,9.258947372436523,651952,0.31087493896484375,159488,4887184,2.3303909301757812,9736848,4.642890930175781,9736848,4.642890930175781,19436176,9.267890930175781,7.8933333333333335,15.786666666666667,15.786666666666667,31.573333333333334
ALGORITHM_AUDIT,llama2_7b_attn_4096x4096,0.3,290.63235867446394,0.29742431640625,False,4096,4096,288,True,2,4096,False,4989952,0.29742431640625,4718592,271360,4718592,0,0,0,17536,576,64,624972,0.29800987243652344,9216,4753676,2.2667293548583984,9472268,4.516729354858398,9472268,4.516729354858398,18909452,9.016729354858398,660048,0.31473541259765625,289792,4788752,2.2834548950195312,9507344,4.533454895019531,9507344,4.533454895019531,18944528,9.033454895019531,8.0,16.0,16.0,32.0
ALGORITHM_AUDIT,llama2_7b_attn_4096x4096,0.1,188.4319688109162,0.09783172607421875,False,4096,4096,184,False,1,4096,False,1641344,0.09783172607421875,1507328,134016,1540096,32768,32768,0,8560,184,32,209676,0.09998130798339844,2944,1524460,0.7269191741943359,3031788,1.445669174194336,3031788,1.445669174194336,6046444,2.883169174194336,226800,0.10814666748046875,139904,1541584,0.7350845336914062,3048912,1.4538345336914062,3048912,1.4538345336914062,6063568,2.8913345336914062,7.829787234042553,15.659574468085106,15.659574468085106,31.319148936170212
ALGORITHM_AUDIT,llama2_7b_attn_4096x4096,0.1,86.23157894736843,0.093902587890625,False,4096,4096,80,True,2,4096,False,1575424,0.093902587890625,1310720,264704,1441792,131072,131072,0,16704,160,64,213708,0.10190391540527344,2560,1344140,0.6409358978271484,2654860,1.2659358978271484,2654860,1.2659358978271484,5276300,2.5159358978271484,247120,0.11783599853515625,269824,1377552,0.6568679809570312,2688272,1.2818679809570312,2688272,1.2818679809570312,5309712,2.5318679809570312,7.2727272727272725,14.545454545454545,14.545454545454545,29.09090909090909
ALGORITHM_AUDIT,llama2_7b_mlp_up_4096x11008,1.0,2966.078306878307,0.9979617096656976,False,4096,11008,2960,False,1,4096,False,44996864,0.9979617096656976,44707840,289024,44883968,176128,176128,0,21024,2960,32,5652588,1.002926138944404,47360,44749900,7.9398754031159156,89457740,15.87228819381359,89457740,15.87228819381359,178873420,31.73711377520894,5694640,1.010387331940407,383744,44791952,7.947336596111919,89499792,15.879749386809593,89499792,15.879749386809593,178915472,31.74457496820494,7.968607410111334,15.937214820222668,15.937214820222668,31.874429640445335
ALGORITHM_AUDIT,llama2_7b_mlp_up_4096x11008,1.0,1475.047619047619,0.9979560319767442,False,4096,11008,1472,True,2,4096,False,44996608,0.9979560319767442,44466176,530432,44466176,0,0,0,36096,2944,64,5630540,0.9990142112554505,47104,44538380,7.902345879133358,89004556,15.791880762854287,89004556,15.791880762854287,177936908,31.570950530296148,5702736,1.0118237872456395,624640,44610576,7.915155455123546,89076752,15.804690338844477,89076752,15.804690338844477,178009104,31.583760106286338,8.0,16.0,16.0,32.0
ALGORITHM_AUDIT,llama2_7b_mlp_up_4096x11008,0.55,1624.150687830688,0.549949468568314,False,4096,11008,1624,False,1,4096,False,24796544,0.549949468568314,24528896,267648,24616960,88064,88064,0,18352,1624,32,3113868,0.5524866858194041,25984,24565612,4.358621996502544,49094508,8.710729554642079,49094508,8.710729554642079,98152300,17.414944670921148,3150576,0.5589997047601745,319616,24602320,4.365135015443314,49131216,8.71724257358285,49131216,8.71724257358285,98189008,17.421457689861917,7.971381031613976,15.942762063227953,15.942762063227953,31.885524126455906
ALGORITHM_AUDIT,llama2_7b_mlp_up_4096x11008,0.55,804.0838095238096,0.5472610828488372,False,4096,11008,800,True,2,4096,False,24675328,0.5472610828488372,24166400,508928,24166400,0,0,0,33408,1600,64,3087692,0.5478423362554505,25600,24233228,4.29964784134266,48399628,8.587438539017079,48399628,8.587438539017079,96732428,17.163019934365916,3154512,0.5596980605014535,560128,24300048,4.311503565588663,48466448,8.599294263263081,48466448,8.599294263263081,96799248,17.174875658611917,8.0,16.0,16.0,32.0
ALGORITHM_AUDIT,llama2_7b_mlp_up_4096x11008,0.3,878.6353439153439,0.2977749136991279,False,4096,11008,872,False,1,4096,False,13426304,0.2977749136991279,13170688,255616,13434880,264192,264192,0,16848,872,32,1713100,0.3039515295694041,13952,13204396,2.342826665833939,26375084,4.679672596066497,26375084,4.679672596066497,52716460,9.353364456531613,1746800,0.3099308457485465,283520,13238096,2.3488059820130816,26408784,4.68565191224564,26408784,4.68565191224564,52750160,9.359343772710757,7.842682926829268,15.685365853658537,15.685365853658537,31.370731707317074
ALGORITHM_AUDIT,llama2_7b_mlp_up_4096x11008,0.3,431.32613756613756,0.2950865279796512,False,4096,11008,424,True,2,4096,False,13305088,0.2950865279796512,12808192,496896,13336576,528384,528384,0,31904,848,64,1730956,0.3071196800054506,13568,12872012,2.283852510674055,25680204,4.556381580441497,25680204,4.556381580441497,51296588,9.101439719976382,1794768,0.3184417014898256,524032,12935824,2.29517453215843,25744016,4.567703601925872,25744016,4.567703601925872,51360400,9.112761741460757,7.683046683046683,15.366093366093367,15.366093366093367,30.732186732186733
ALGORITHM_AUDIT,llama2_7b_mlp_up_4096x11008,0.1,282.22306878306875,0.09925451944040697,False,4096,11008,280,False,1,4096,False,4475264,0.09925451944040697,4229120,246144,4317184,88064,88064,0,15664,280,32,571020,0.10131481081940406,4480,4260460,0.7559239587118459,8489580,1.5062873308048692,8489580,1.5062873308048692,16947820,3.0070140749909156,602352,0.10687397801598837,255104,4291792,0.7614831259084303,8520912,1.5118464980014534,8520912,1.5118464980014534,16979152,3.0125732421875,7.836812144212524,15.673624288425048,15.673624288425048,31.347248576850095
ALGORITHM_AUDIT,llama2_7b_mlp_up_4096x11008,0.1,133.12,0.09656613372093023,False,4096,11008,128,True,2,4096,False,4354048,0.09656613372093023,3866624,487424,3866624,0,0,0,30720,256,64,544844,0.09667046125545058,4096,3928076,0.6969498035519622,7794700,1.3829963151798692,7794700,1.3829963151798692,15527948,2.755089338435683,606288,0.10757233375726744,495616,3989520,0.7078516760537791,7856144,1.393898187681686,7856144,1.393898187681686,15589392,2.7659912109375,8.0,16.0,16.0,32.0
ALGORITHM_AUDIT,llama2_7b_mlp_down_11008x4096,1.0,2966.078306878307,0.9979617096656976,False,11008,4096,2960,False,1,4096,False,44996864,0.9979617096656976,44707840,289024,44773376,65536,65536,0,21024,2960,32,5638764,1.000473377316497,47360,44749900,7.9398754031159156,89457740,15.87228819381359,89457740,15.87228819381359,178873420,31.73711377520894,5680816,1.0079345703125,383744,44791952,7.947336596111919,89499792,15.879749386809593,89499792,15.879749386809593,178915472,31.74457496820494,7.988290183880706,15.976580367761413,15.976580367761413,31.953160735522825
ALGORITHM_AUDIT,llama2_7b_mlp_down_11008x4096,1.0,1475.047619047619,0.9979560319767442,False,11008,4096,1472,True,2,4096,False,44996608,0.9979560319767442,44466176,530432,44466176,0,0,0,36096,2944,64,5630540,0.9990142112554505,47104,44538380,7.902345879133358,89004556,15.791880762854287,89004556,15.791880762854287,177936908,31.570950530296148,5702736,1.0118237872456395,624640,44610576,7.915155455123546,89076752,15.804690338844477,89076752,15.804690338844477,178009104,31.583760106286338,8.0,16.0,16.0,32.0
ALGORITHM_AUDIT,llama2_7b_mlp_down_11008x4096,0.55,1624.150687830688,0.549949468568314,False,11008,4096,1624,False,1,4096,False,24796544,0.549949468568314,24528896,267648,24561664,32768,32768,0,18352,1624,32,3106956,0.5512603050054505,25984,24565612,4.358621996502544,49094508,8.710729554642079,49094508,8.710729554642079,98152300,17.414944670921148,3143664,0.5577733239462209,319616,24602320,4.365135015443314,49131216,8.71724257358285,49131216,8.71724257358285,98189008,17.421457689861917,7.989327107479363,15.978654214958725,15.978654214958725,31.95730842991745
ALGORITHM_AUDIT,llama2_7b_mlp_down_11008x4096,0.55,804.0838095238096,0.5472610828488372,False,11008,4096,800,True,2,4096,False,24675328,0.5472610828488372,24166400,508928,24166400,0,0,0,33408,1600,64,3087692,0.5478423362554505,25600,24233228,4.29964784134266,48399628,8.587438539017079,48399628,8.587438539017079,96732428,17.163019934365916,3154512,0.5596980605014535,560128,24300048,4.311503565588663,48466448,8.599294263263081,48466448,8.599294263263081,96799248,17.174875658611917,8.0,16.0,16.0,32.0
ALGORITHM_AUDIT,llama2_7b_mlp_down_11008x4096,0.3,878.6353439153439,0.2977749136991279,False,11008,4096,872,False,1,4096,False,13426304,0.2977749136991279,13170688,255616,13268992,98304,98304,0,16848,872,32,1692364,0.3002723871275436,13952,13204396,2.342826665833939,26375084,4.679672596066497,26375084,4.679672596066497,52716460,9.353364456531613,1726064,0.30625170330668605,283520,13238096,2.3488059820130816,26408784,4.68565191224564,26408784,4.68565191224564,52750160,9.359343772710757,7.940731594381849,15.881463188763698,15.881463188763698,31.762926377527396
ALGORITHM_AUDIT,llama2_7b_mlp_down_11008x4096,0.3,431.32613756613756,0.2950865279796512,False,11008,4096,424,True,2,4096,False,13305088,0.2950865279796512,12808192,496896,13004800,196608,196608,0,31904,848,64,1689484,0.29976139512172967,13568,12872012,2.283852510674055,25680204,4.556381580441497,25680204,4.556381580441497,51296588,9.101439719976382,1753296,0.31108341660610467,524032,12935824,2.29517453215843,25744016,4.567703601925872,25744016,4.567703601925872,51360400,9.112761741460757,7.879055118110236,15.758110236220473,15.758110236220473,31.516220472440946
ALGORITHM_AUDIT,llama2_7b_mlp_down_11008x4096,0.1,282.22306878306875,0.09925451944040697,False,11008,4096,280,False,1,4096,False,4475264,0.09925451944040697,4229120,246144,4261888,32768,32768,0,15664,280,32,564108,0.10008843000545058,4480,4260460,0.7559239587118459,8489580,1.5062873308048692,8489580,1.5062873308048692,16947820,3.0070140749909156,595440,0.10564759720203488,255104,4291792,0.7614831259084303,8520912,1.5118464980014534,8520912,1.5118464980014534,16979152,3.0125732421875,7.938491110043248,15.876982220086497,15.876982220086497,31.753964440172993
ALGORITHM_AUDIT,llama2_7b_mlp_down_11008x4096,0.1,133.12,0.09656613372093023,False,11008,4096,128,True,2,4096,False,4354048,0.09656613372093023,3866624,487424,3866624,0,0,0,30720,256,64,544844,0.09667046125545058,4096,3928076,0.6969498035519622,7794700,1.3829963151798692,7794700,1.3829963151798692,15527948,2.755089338435683,606288,0.10757233375726744,495616,3989520,0.7078516760537791,7856144,1.393898187681686,7856144,1.393898187681686,15589392,2.7659912109375,8.0,16.0,16.0,32.0
ALGORITHM_AUDIT,phi4_fused_qkv_5120x7680,1.0,3052.1847690387017,0.9986360677083334,False,5120,7680,3048,False,1,5120,False,39267968,0.9986360677083334,39014400,253568,39198720,184320,184320,0,18896,3048,32,4937676,1.00457275390625,48768,39052204,7.9451912434895835,78066604,15.882691243489583,78066604,15.882691243489583,156095404,31.75769124348958,4975472,1.0122623697916666,351104,39090000,7.952880859375,78104400,15.890380859375,78104400,15.890380859375,156133200,31.765380859375,7.962382445141066,15.924764890282132,15.924764890282132,31.849529780564264
ALGORITHM_AUDIT,phi4_fused_qkv_5120x7680,1.0,1518.1023720349563,0.9960221354166666,False,5120,7680,1512,True,2,5120,False,39165184,0.9960221354166666,38707200,457984,39075840,368640,368640,0,31648,3024,64,4947852,1.00664306640625,48384,38770508,7.887880045572917,77477708,15.762880045572917,77477708,15.762880045572917,154892108,31.512880045572917,5011152,1.019521484375,554752,38833808,7.900758463541667,77541008,15.775758463541667,77541008,15.775758463541667,154955408,31.525758463541667,7.9245283018867925,15.849056603773585,15.849056603773585,31.69811320754717
ALGORITHM_AUDIT,phi4_fused_qkv_5120x7680,0.55,1671.510611735331,0.5475520833333334,False,5120,7680,1664,False,1,5120,False,21530624,0.5475520833333334,21299200,231424,21299200,0,0,0,16128,1664,32,2694700,0.5482381184895834,26624,21331468,4.339898274739583,42630668,8.673231608072916,42630668,8.673231608072916,85229068,17.339898274739582,2726960,0.5548014322916667,284672,21363728,4.346461588541667,42662928,8.679794921875,42662928,8.679794921875,85261328,17.34646158854167,8.0,16.0,16.0,32.0
ALGORITHM_AUDIT,phi4_fused_qkv_5120x7680,0.55,827.7652933832709,0.5475455729166666,False,5120,7680,824,True,2,5120,False,21530368,0.5475455729166666,21094400,435968,21217280,122880,122880,0,28896,1648,64,2710028,0.5513566080729166,26368,21152204,4.3034269205729165,42246604,8.595093587239583,42246604,8.595093587239583,84435404,17.178426920572917,2767824,0.563115234375,488704,21210000,4.315185546875,42304400,8.606852213541666,42304400,8.606852213541666,84493200,17.190185546875,7.953667953667954,15.907335907335908,15.907335907335908,31.814671814671815
ALGORITHM_AUDIT,phi4_fused_qkv_5120x7680,0.3,904.4694132334582,0.29984700520833335,False,5120,7680,904,False,1,5120,False,11790464,0.29984700520833335,11571200,219264,11755520,184320,184320,0,14608,904,32,1498700,0.3049112955729167,14464,11600428,2.360113118489583,23171628,4.71427978515625,23171628,4.71427978515625,46314028,9.422613118489583,1527920,0.31085611979166666,248192,11629648,2.3660579427083333,23200848,4.720224609375,23200848,4.720224609375,46343248,9.428557942708334,7.874564459930314,15.749128919860627,15.749128919860627,31.498257839721255
ALGORITHM_AUDIT,phi4_fused_qkv_5120x7680,0.3,444.2446941323346,0.2972330729166667,False,5120,7680,440,True,2,5120,False,11687680,0.2972330729166667,11264000,423680,11386880,122880,122880,0,27360,880,64,1478156,0.30073160807291666,14080,11318732,2.3028019205729167,22582732,4.594468587239583,22582732,4.594468587239583,45110732,9.177801920572916,1532880,0.311865234375,451840,11373456,2.313935546875,22637456,4.605602213541666,22637456,4.605602213541666,45165456,9.188935546875,7.913669064748201,15.827338129496402,15.827338129496402,31.654676258992804
ALGORITHM_AUDIT,phi4_fused_qkv_5120x7680,0.1,290.8364544319601,0.09907552083333333,False,5120,7680,288,False,1,5120,False,3895808,0.09907552083333333,3686400,209408,3686400,0,0,0,13376,288,32,487596,0.09920166015625,4608,3713164,0.7554451497395833,7399564,1.5054451497395833,7399564,1.5054451497395833,14772364,3.0054451497395833,514352,0.10464518229166667,218624,3739920,0.760888671875,7426320,1.510888671875,7426320,1.510888671875,14799120,3.010888671875,8.0,16.0,16.0,32.0
ALGORITHM_AUDIT,phi4_fused_qkv_5120x7680,0.1,137.4282147315855,0.09906901041666667,False,5120,7680,136,True,2,5120,False,3895552,0.09906901041666667,3481600,413952,3850240,368640,368640,0,26144,272,64,533644,0.10857014973958333,4352,3533900,0.7189737955729166,7015500,1.42730712890625,7015500,1.42730712890625,13978700,2.8439737955729165,585936,0.119208984375,422656,3586192,0.7296126302083333,7067792,1.4379459635416667,7067792,1.4379459635416667,14030992,2.8546126302083334,7.23404255319149,14.46808510638298,14.46808510638298,28.93617021276596
ALGORITHM_AUDIT,phi4_split_q_5120x5120,1.0,2540.03120124805,0.9984228515625,False,5120,5120,2536,False,1,5120,False,26173056,0.9984228515625,25968640,204416,26091520,122880,122880,0,15312,2536,32,3292108,1.004671630859375,40576,25999276,7.934349365234375,51967916,15.859349365234374,51967916,15.859349365234374,103905196,31.709349365234374,3322736,1.0140185546875,285568,26029904,7.9436962890625,51998544,15.8686962890625,51998544,15.8686962890625,103935824,31.7186962890625,7.962323390894819,15.924646781789638,15.924646781789638,31.849293563579277
ALGORITHM_AUDIT,phi4_split_q_5120x5120,1.0,1262.0280811232449,0.995283203125,False,5120,5120,1256,True,2,5120,False,26090752,0.995283203125,25722880,367872,25968640,245760,245760,0,25504,2512,64,3297164,1.006214599609375,40192,25773900,7.865570068359375,51496780,15.715570068359375,51496780,15.715570068359375,102942540,31.415570068359376,3348176,1.0217822265625,448256,25824912,7.8811376953125,51547792,15.7311376953125,51547792,15.7311376953125,102993552,31.4311376953125,7.924290220820189,15.848580441640378,15.848580441640378,31.697160883280755
ALGORITHM_AUDIT,phi4_split_q_5120x5120,0.55,1389.8283931357257,0.5477197265625,False,5120,5120,1384,False,1,5120,False,14358144,0.5477197265625,14172160,185984,14295040,122880,122880,0,13008,1384,32,1812940,0.553265380859375,22144,14198188,4.332943115234375,28370348,8.657943115234374,28370348,8.657943115234374,56714668,17.307943115234377,1838960,0.5612060546875,230272,14224208,4.3408837890625,28396368,8.6658837890625,28396368,8.6658837890625,56740688,17.3158837890625,7.9312320916905446,15.862464183381089,15.862464183381089,31.724928366762178
ALGORITHM_AUDIT,phi4_split_q_5120x5120,0.55,686.9266770670828,0.544580078125,False,5120,5120,680,True,2,5120,False,14275840,0.544580078125,13926400,349440,14172160,245760,245760,0,23200,1360,64,1817996,0.554808349609375,21760,13972812,4.264163818359375,27899212,8.514163818359375,27899212,8.514163818359375,55752012,17.014163818359375,1864400,0.5689697265625,392960,14019216,4.2783251953125,27945616,8.5283251953125,27945616,8.5283251953125,55798416,17.0283251953125,7.861271676300578,15.722543352601155,15.722543352601155,31.44508670520231
ALGORITHM_AUDIT,phi4_split_q_5120x5120,0.3,750.826833073323,0.2973291015625,False,5120,5120,744,False,1,5120,False,7794304,0.2973291015625,7618560,175744,7741440,122880,122880,0,11728,744,32,991180,0.302484130859375,11904,7642028,2.332161865234375,15260588,4.657161865234375,15260588,4.657161865234375,30497708,9.307161865234375,1014640,0.3096435546875,199552,7665488,2.3393212890625,15284048,4.6643212890625,15284048,4.6643212890625,30521168,9.3143212890625,7.873015873015873,15.746031746031745,15.746031746031745,31.49206349206349
ALGORITHM_AUDIT,phi4_split_q_5120x5120,0.3,367.42589703588146,0.294189453125,False,5120,5120,360,True,2,5120,False,7712000,0.294189453125,7372800,339200,7618560,245760,245760,0,21920,720,64,996236,0.304027099609375,11520,7416652,2.263382568359375,14789452,4.513382568359375,14789452,4.513382568359375,29535052,9.013382568359376,1040080,0.3174072265625,362240,7460496,2.2767626953125,14833296,4.5267626953125,14833296,4.5267626953125,29578896,9.0267626953125,7.741935483870968,15.483870967741936,15.483870967741936,30.967741935483872
ALGORITHM_AUDIT,phi4_split_q_5120x5120,0.1,239.62558502340093,0.0970166015625,False,5120,5120,232,False,1,5120,False,2543232,0.0970166015625,2375680,167552,2498560,122880,122880,0,10704,232,32,333772,0.101859130859375,3712,2397100,0.731536865234375,4772780,1.456536865234375,4772780,1.456536865234375,9524140,2.906536865234375,355184,0.1083935546875,174976,2418512,0.7380712890625,4794192,1.4630712890625,4794192,1.4630712890625,9545552,2.9130712890625,7.60655737704918,15.21311475409836,15.21311475409836,30.42622950819672
ALGORITHM_AUDIT,phi4_split_q_5120x5120,0.1,111.82527301092044,0.093876953125,False,5120,5120,104,True,2,5120,False,2460928,0.093876953125,2129920,331008,2375680,245760,245760,0,20896,208,64,338828,0.103402099609375,3328,2171724,0.662757568359375,4301644,1.312757568359375,4301644,1.312757568359375,8561484,2.612757568359375,380624,0.1161572265625,337664,2213520,0.6755126953125,4343440,1.3255126953125,4343440,1.3255126953125,8603280,2.6255126953125,7.172413793103448,14.344827586206897,14.344827586206897,28.689655172413794
ALGORITHM_AUDIT,phi4_split_k_5120x1280,1.0,1005.4862842892768,0.99462890625,False,5120,1280,1000,False,1,1280,False,6518400,0.99462890625,6400000,118400,6430720,30720,30720,0,8400,1000,32,820684,1.0018115234375,16000,6416812,7.8330224609375,12816812,15.6455224609375,12816812,15.6455224609375,25616812,31.2705224609375,837488,1.02232421875,150400,6433616,7.85353515625,12833616,15.66603515625,12833616,15.66603515625,25633616,31.29103515625,7.961783439490445,15.92356687898089,15.92356687898089,31.84713375796178
ALGORITHM_AUDIT,phi4_split_k_5120x1280,1.0,494.7630922693267,0.9867578125,False,5120,1280,488,True,2,1280,False,6466816,0.9867578125,6246400,220416,6307840,61440,61440,0,14752,976,64,818060,0.9986083984375,15616,6275916,7.6610302734375,12522316,15.2860302734375,12522316,15.2860302734375,25015116,30.5360302734375,847568,1.03462890625,251648,6305424,7.69705078125,12551824,15.32205078125,12551824,15.32205078125,25044624,30.57205078125,7.922077922077922,15.844155844155845,15.844155844155845,31.68831168831169
ALGORITHM_AUDIT,phi4_split_k_5120x1280,0.55,545.8354114713218,0.548203125,False,5120,1280,544,False,1,1280,False,3592704,0.548203125,3481600,111104,3481600,0,0,0,7488,544,32,450220,0.5495849609375,8704,3496588,4.2682958984375,6978188,8.5182958984375,6978188,8.5182958984375,13941388,17.0182958984375,465200,0.56787109375,128512,3511568,4.28658203125,6993168,8.53658203125,6993168,8.53658203125,13956368,17.03658203125,8.0,16.0,16.0,32.0
ALGORITHM_AUDIT,phi4_split_k_5120x1280,0.55,264.93765586034914,0.5481640625,False,5120,1280,264,True,2,1280,False,3592448,0.5481640625,3379200,213248,3440640,61440,61440,0,13856,528,64,457868,0.5589208984375,8448,3406924,4.1588427734375,6786124,8.2838427734375,6786124,8.2838427734375,13544524,16.5338427734375,485584,0.59275390625,230144,3434640,4.19267578125,6813840,8.31767578125,6813840,8.31767578125,13572240,16.56767578125,7.857142857142857,15.714285714285714,15.714285714285714,31.428571428571427
ALGORITHM_AUDIT,phi4_split_k_5120x1280,0.3,290.47381546134665,0.297578125,False,5120,1280,288,False,1,1280,False,1950208,0.297578125,1843200,107008,1843200,0,0,0,6976,288,32,244396,0.2983349609375,4608,1857164,2.2670458984375,3700364,4.5170458984375,3700364,4.5170458984375,7386764,9.0170458984375,258352,0.31537109375,116224,1871120,2.28408203125,3714320,4.53408203125,3714320,4.53408203125,7400720,9.03408203125,8.0,16.0,16.0,32.0
ALGORITHM_AUDIT,phi4_split_k_5120x1280,0.3,137.2568578553616,0.2975390625,False,5120,1280,136,True,2,1280,False,1949952,0.2975390625,1740800,209152,1802240,61440,61440,0,13344,272,64,252044,0.3076708984375,4352,1767500,2.1575927734375,3508300,4.2825927734375,3508300,4.2825927734375,6989900,8.5325927734375,278736,0.34025390625,217856,1794192,2.19017578125,3534992,4.31517578125,3534992,4.31517578125,7016592,8.56517578125,7.7272727272727275,15.454545454545455,15.454545454545455,30.90909090909091
ALGORITHM_AUDIT,phi4_split_k_5120x1280,0.1,86.18453865336659,0.0939453125,False,5120,1280,80,False,1,1280,False,615680,0.0939453125,512000,103680,532480,20480,20480,0,6560,80,32,79724,0.0973193359375,1280,525132,0.6410302734375,1037132,1.2660302734375,1037132,1.2660302734375,2061132,2.5160302734375,92848,0.11333984375,106240,538256,0.65705078125,1050256,1.28205078125,1050256,1.28205078125,2074256,2.53205078125,7.6923076923076925,15.384615384615385,15.384615384615385,30.76923076923077
ALGORITHM_AUDIT,phi4_split_k_5120x1280,0.1,35.11221945137157,0.09390625,False,5120,1280,32,True,2,1280,False,615424,0.09390625,409600,205824,409600,0,0,0,12928,64,64,77132,0.0941552734375,1024,435468,0.5315771484375,845068,1.0315771484375,845068,1.0315771484375,1664268,2.0315771484375,102992,0.12572265625,207872,461328,0.56314453125,870928,1.06314453125,870928,1.06314453125,1690128,2.06314453125,8.0,16.0,16.0,32.0
ALGORITHM_AUDIT,phi4_split_v_5120x1280,1.0,1005.4862842892768,0.99462890625,False,5120,1280,1000,False,1,1280,False,6518400,0.99462890625,6400000,118400,6430720,30720,30720,0,8400,1000,32,820684,1.0018115234375,16000,6416812,7.8330224609375,12816812,15.6455224609375,12816812,15.6455224609375,25616812,31.2705224609375,837488,1.02232421875,150400,6433616,7.85353515625,12833616,15.66603515625,12833616,15.66603515625,25633616,31.29103515625,7.961783439490445,15.92356687898089,15.92356687898089,31.84713375796178
ALGORITHM_AUDIT,phi4_split_v_5120x1280,1.0,494.7630922693267,0.9867578125,False,5120,1280,488,True,2,1280,False,6466816,0.9867578125,6246400,220416,6307840,61440,61440,0,14752,976,64,818060,0.9986083984375,15616,6275916,7.6610302734375,12522316,15.2860302734375,12522316,15.2860302734375,25015116,30.5360302734375,847568,1.03462890625,251648,6305424,7.69705078125,12551824,15.32205078125,12551824,15.32205078125,25044624,30.57205078125,7.922077922077922,15.844155844155845,15.844155844155845,31.68831168831169
ALGORITHM_AUDIT,phi4_split_v_5120x1280,0.55,545.8354114713218,0.548203125,False,5120,1280,544,False,1,1280,False,3592704,0.548203125,3481600,111104,3481600,0,0,0,7488,544,32,450220,0.5495849609375,8704,3496588,4.2682958984375,6978188,8.5182958984375,6978188,8.5182958984375,13941388,17.0182958984375,465200,0.56787109375,128512,3511568,4.28658203125,6993168,8.53658203125,6993168,8.53658203125,13956368,17.03658203125,8.0,16.0,16.0,32.0
ALGORITHM_AUDIT,phi4_split_v_5120x1280,0.55,264.93765586034914,0.5481640625,False,5120,1280,264,True,2,1280,False,3592448,0.5481640625,3379200,213248,3440640,61440,61440,0,13856,528,64,457868,0.5589208984375,8448,3406924,4.1588427734375,6786124,8.2838427734375,6786124,8.2838427734375,13544524,16.5338427734375,485584,0.59275390625,230144,3434640,4.19267578125,6813840,8.31767578125,6813840,8.31767578125,13572240,16.56767578125,7.857142857142857,15.714285714285714,15.714285714285714,31.428571428571427
ALGORITHM_AUDIT,phi4_split_v_5120x1280,0.3,290.47381546134665,0.297578125,False,5120,1280,288,False,1,1280,False,1950208,0.297578125,1843200,107008,1843200,0,0,0,6976,288,32,244396,0.2983349609375,4608,1857164,2.2670458984375,3700364,4.5170458984375,3700364,4.5170458984375,7386764,9.0170458984375,258352,0.31537109375,116224,1871120,2.28408203125,3714320,4.53408203125,3714320,4.53408203125,7400720,9.03408203125,8.0,16.0,16.0,32.0
ALGORITHM_AUDIT,phi4_split_v_5120x1280,0.3,137.2568578553616,0.2975390625,False,5120,1280,136,True,2,1280,False,1949952,0.2975390625,1740800,209152,1802240,61440,61440,0,13344,272,64,252044,0.3076708984375,4352,1767500,2.1575927734375,3508300,4.2825927734375,3508300,4.2825927734375,6989900,8.5325927734375,278736,0.34025390625,217856,1794192,2.19017578125,3534992,4.31517578125,3534992,4.31517578125,7016592,8.56517578125,7.7272727272727275,15.454545454545455,15.454545454545455,30.90909090909091
ALGORITHM_AUDIT,phi4_split_v_5120x1280,0.1,86.18453865336659,0.0939453125,False,5120,1280,80,False,1,1280,False,615680,0.0939453125,512000,103680,532480,20480,20480,0,6560,80,32,79724,0.0973193359375,1280,525132,0.6410302734375,1037132,1.2660302734375,1037132,1.2660302734375,2061132,2.5160302734375,92848,0.11333984375,106240,538256,0.65705078125,1050256,1.28205078125,1050256,1.28205078125,2074256,2.53205078125,7.6923076923076925,15.384615384615385,15.384615384615385,30.76923076923077
ALGORITHM_AUDIT,phi4_split_v_5120x1280,0.1,35.11221945137157,0.09390625,False,5120,1280,32,True,2,1280,False,615424,0.09390625,409600,205824,409600,0,0,0,12928,64,64,77132,0.0941552734375,1024,435468,0.5315771484375,845068,1.0315771484375,845068,1.0315771484375,1664268,2.0315771484375,102992,0.12572265625,207872,461328,0.56314453125,870928,1.06314453125,870928,1.06314453125,1690128,2.06314453125,8.0,16.0,16.0,32.0
